,year,month,user_type,count,electricity_usage,gas_usage,water_usage,district_heating_usage
0,2023,2,school,6686,156212159.0,6626730.0,1670878.6,21391.058999999997
1,2023,2,religious_organization,810,8882371.0,653880.0,43815.0,0.0
2,2023,2,small_business_owner,49154,104230033.0,3736526.0,1532331.8,2211.41
3,2023,2,corporation,19032,571542443.0,40105191.0,4244692.1,0.0
4,2023,2,homeowners_association,3629,522468207.0,15160829.0,20100920.8,0.0
5,2023,2,public_institution,2367,152657759.0,6076947.0,837901.4,0.0
6,2023,2,individual,1190835,272702468.0,82851936.0,14516011.2,20320092.952999998
7,2023,1,school,6684,184960212.0,8346352.0,1806153.6,30820.892000000003
8,2023,1,religious_organization,808,9874545.0,676952.0,44263.0,0.0
9,2023,1,small_business_owner,49165,113324255.0,4026071.0,1380684.6,2975.88
10,2023,1,corporation,19018,644037970.0,44245246.0,4134041.8,0.0
11,2023,1,homeowners_association,3628,549810055.0,16210132.0,19338023.1,0.0
12,2023,1,public_institution,2365,164817043.0,6461676.0,1068171.2,0.0
13,2023,1,individual,1187488,286485085.0,82529062.0,14466145.0,29668211.871999998
14,2022,12,school,6684,161908266.0,6635703.0,1910737.4,30760.824
15,2022,12,religious_organization,809,7555566.0,364463.0,47745.0,0.0
16,2022,12,small_business_owner,49188,95742525.0,3149001.0,1541921.0,3133.86
17,2022,12,corporation,19018,620467231.0,28548046.0,4320883.4,0.0
18,2022,12,homeowners_association,3629,508794149.0,9492408.0,20096692.0,0.0
19,2022,12,public_institution,2366,149787407.0,4530929.0,844622.4,0.0
20,2022,12,individual,1187225,266989892.0,52230601.0,14538742.5,31655489.658000004
21,2022,11,school,6683,109168957.0,2839236.0,1861197.2,11246.96
22,2022,11,religious_organization,809,5346495.0,174291.0,44475.0,0.0
23,2022,11,small_business_owner,48873,78756018.0,2177310.0,1389806.8,1331.13
24,2022,11,corporation,19007,534784542.0,17513895.0,4298756.8,0.0
25,2022,11,homeowners_association,3629,471414058.0,5502871.0,19793329.6,0.0
26,2022,11,public_institution,2366,130402011.0,2607483.0,1138855.2,0.0
27,2022,11,individual,1186063,252081207.0,28471902.0,14485236.6,10685943.786
28,2022,10,school,6682,101766144.0,2339615.0,1736340.2,5750.033
29,2022,10,religious_organization,809,5295147.0,153064.0,53354.0,0.0
30,2022,10,small_business_owner,48818,83299730.0,1879896.0,1596299.8,87814.01
31,2022,10,corporation,19001,559014202.0,16932243.0,4867498.6,0.0
32,2022,10,homeowners_association,3629,458715437.0,2663313.0,20473933.1,0.0
33,2022,10,public_institution,2365,132138993.0,2077871.0,935531.6,0.0
34,2022,10,individual,1183941,250724946.0,13803068.0,14983916.7,5216710.607
35,2022,9,school,6679,121682490.0,3037043.0,1715072.4,8.14
36,2022,9,religious_organization,809,6636428.0,206750.0,48035.0,0.0
37,2022,9,small_business_owner,48787,103049050.0,1890601.0,1530998.0,42.0
38,2022,9,corporation,19002,641632018.0,23704612.0,5311421.4,0.0
39,2022,9,homeowners_association,3629,536947914.0,2141851.0,20656855.0,0.0
40,2022,9,public_institution,2365,157563448.0,2539989.0,1349757.2,0.0
41,2022,9,individual,1181514,294121752.0,9220604.8,15016541.4,7221052.414
42,2022,8,school,6652,125832118.0,3768924.0,1920214.2,27.0
43,2022,8,religious_organization,803,8232943.0,238743.0,56718.0,0.0
44,2022,8,small_business_owner,47926,120183240.0,1976612.0,1695680.6,18.0
45,2022,8,corporation,18884,743931782.0,26544448.0,5332561.2,0.0
46,2022,8,homeowners_association,3585,667004016.0,2275358.0,21006705.8,0.0
47,2022,8,public_institution,2341,184005957.0,3125727.0,998662.2,0.0
48,2022,8,individual,1175739,382965547.0,8718677.0,15555926.8,3278812.728
49,2022,7,school,6646,132890996.0,3573543.0,1937070.6,13.05
50,2022,7,religious_organization,802,7275213.0,182222.0,42153.0,0.0
51,2022,7,small_business_owner,47593,110155572.0,1938444.0,1485475.4,13.0
52,2022,7,corporation,18795,734695297.0,20411256.0,4704445.2,0.0
53,2022,7,homeowners_association,3575,584219077.0,2439305.0,20173921.8,0.0
54,2022,7,public_institution,2338,175099486.0,2782061.0,1262978.2,0.0
55,2022,7,individual,1173641,336383318.0,10701998.0,14907198.0,50033.827000000005
56,2022,6,school,6641,108466743.0,2777953.0,1976081.0,65.158
57,2022,6,religious_organization,803,5465996.0,158502.0,47767.0,0.0
58,2022,6,small_business_owner,47228,90157061.0,2016862.0,1557061.0,3.0
59,2022,6,corporation,18776,626529234.0,21097892.0,4543702.2,0.0
60,2022,6,homeowners_association,3555,458306172.0,3160618.0,20480822.1,0.0
61,2022,6,public_institution,2336,142726020.0,2245855.0,815298.2,0.0
62,2022,6,individual,1171004,254486733.0,15468022.0,15087457.3,838539.99
63,2022,5,school,6624,88086996.0,2565297.0,1755770.0,1213.927
64,2022,5,religious_organization,803,4871789.0,183938.0,32063.0,0.0
65,2022,5,small_business_owner,46964,76553260.0,2159313.0,1303644.8,160.0
66,2022,5,corporation,18746,558453702.0,22748267.0,3794287.0,0.0
67,2022,5,homeowners_association,3536,337310710.0,5151313.0,19925119.1,0.0
68,2022,5,public_institution,2337,128958148.0,2310461.0,1050085.6,0.0
69,2022,5,individual,1171653,238866649.0,28185559.0,14344240.1,1457446.39
70,2022,4,school,6605,115812927.0,3985657.0,1472622.0,6075.428000000001
71,2022,4,religious_organization,802,5543777.0,360298.0,33552.0,0.0
72,2022,4,small_business_owner,46761,78896442.0,2505908.0,1308351.6,522.07
73,2022,4,corporation,18714,506826935.0,33805744.0,3568233.0,0.0
74,2022,4,homeowners_association,3514,464021894.0,9894598.0,19610602.6,0.0
75,2022,4,public_institution,2336,131664312.0,3241100.0,654607.2,0.0
76,2022,4,individual,1169198,255028242.0,49843915.6,14443060.3,5725570.382
77,2022,3,school,6603,136664921.0,6284413.0,1282288.2,18095.436
78,2022,3,religious_organization,802,6713464.0,591307.0,33099.0,0.0
79,2022,3,small_business_owner,46565,84800511.0,3294642.0,1251729.8,1825.21
80,2022,3,corporation,18709,526948149.0,40327600.0,3499356.2,0.0
81,2022,3,homeowners_association,3504,460974443.0,14567130.0,18838514.8,0.0
82,2022,3,public_institution,2336,137761368.0,5120394.0,1010860.8,0.0
83,2022,3,individual,1165693,256771728.0,75577723.0,14181287.1,15843818.715
84,2022,2,school,6602,157657158.0,7289632.0,1572870.8,29114.502999999997
85,2022,2,religious_organization,799,8423765.0,708582.0,37991.0,0.0
86,2022,2,small_business_owner,46451,100895260.0,3815164.0,1465347.3,3364.17
87,2022,2,corporation,18715,562757507.0,49678815.0,3925963.2,0.0
88,2022,2,homeowners_association,3501,511178995.0,17273764.0,20095172.6,0.0
89,2022,2,public_institution,2336,154268239.0,5852046.0,673765.4,0.0
90,2022,2,individual,1163638,279071999.0,90004956.0,14437161.1,27615965.121999998
91,2022,1,school,6600,173137148.0,8300197.0,1660752.8,32772.242
92,2022,1,religious_organization,799,8916345.0,615260.0,33647.0,0.0
93,2022,1,small_business_owner,46369,105538196.0,3734561.0,1327161.4,3653.84
94,2022,1,corporation,18700,622161965.0,53181911.0,3807826.3,0.0
95,2022,1,homeowners_association,3501,525982739.0,15139944.0,19122148.5,0.0
96,2022,1,public_institution,2335,162223852.0,5784739.0,929504.0,0.0
97,2022,1,individual,1161498,286037593.0,80605997.0,14303008.9,30320240.229000002
98,2021,12,school,6600,150065449.0,6496119.0,1778908.2,27727.13
99,2021,12,religious_organization,799,6660958.0,397977.0,39138.0,0.0
100,2021,12,small_business_owner,46358,89215591.0,3030459.0,1474324.6,3128.71
101,2021,12,corporation,18693,584171528.0,35549129.0,4015168.0,0.0
102,2021,12,homeowners_association,3501,481227337.0,10457211.0,19978994.4,0.0
103,2021,12,public_institution,2335,145729137.0,4486243.0,676279.8,0.0
104,2021,12,individual,1157895,265314948.0,54651317.0,14873728.5,25989752.285
105,2021,11,school,6599,110016439.0,3394668.0,1701802.0,15278.608999999999
106,2021,11,religious_organization,798,5145349.0,176553.0,35180.0,0.0
107,2021,11,small_business_owner,46142,77915563.0,2201378.0,1360195.4,954.14
108,2021,11,corporation,18679,522160310.0,21252620.0,4074491.6,0.0
109,2021,11,homeowners_association,3499,458598324.0,5725350.0,19804869.2,0.0
110,2021,11,public_institution,2335,131653187.0,3007577.0,990287.6,0.0
111,2021,11,individual,1155894,255516339.0,28571168.0,14975050.4,13463697.643
112,2021,10,school,6593,95275372.0,2172140.0,1740005.2,4909.064
113,2021,10,religious_organization,797,5043007.0,155891.0,38278.0,0.0
114,2021,10,small_business_owner,46074,81198682.0,1757702.0,1548236.4,424.02
115,2021,10,corporation,18673,550770544.0,16977125.0,4561726.6,0.0
116,2021,10,homeowners_association,3499,450302939.0,2633591.0,20887230.0,0.0
117,2021,10,public_institution,2334,138988023.0,2132888.0,831494.6,0.0
118,2021,10,individual,1152812,253845816.0,13840155.0,15930639.8,4220985.501
119,2021,9,school,6584,111184311.0,2726060.0,1502761.4,23.113000000000003
120,2021,9,religious_organization,796,5942380.0,187621.0,40125.0,0.0
121,2021,9,small_business_owner,45935,96526389.0,1724474.0,1442928.8,9.0
122,2021,9,corporation,18666,612588014.0,22369495.0,4812374.6,0.0
123,2021,9,homeowners_association,3488,511743556.0,2086091.0,20741608.5,0.0
124,2021,9,public_institution,2331,156826142.0,2607686.0,1183001.4,0.0
125,2021,9,individual,1149785,290606638.0,6602872.0,15497783.9,159066.05800000002
126,2021,8,school,6542,116070891.0,3437499.0,1763121.2,0.07400000000000001
127,2021,8,religious_organization,787,6991371.0,205268.0,42113.0,0.0
128,2021,8,small_business_owner,44942,115459088.0,1793622.0,1589771.0,7.0
129,2021,8,corporation,18472,709388225.0,24983674.0,4922056.1,0.0
130,2021,8,homeowners_association,3468,693798102.0,2334370.0,21034522.2,0.0
131,2021,8,public_institution,2320,180841654.0,3219923.0,838717.4,0.0
132,2021,8,individual,1143697,409719040.0,10205066.0,15737994.8,127607.838
133,2021,7,school,6534,119912136.0,3411168.0,1753132.8,2.0
134,2021,7,religious_organization,777,6132640.0,165823.0,48544.0,0.0
135,2021,7,small_business_owner,44677,100902678.0,1868807.0,1426346.8,1.0
136,2021,7,corporation,18448,702398597.0,20396344.0,4408245.6,0.0
137,2021,7,homeowners_association,3464,570328587.0,2629708.0,20079848.9,0.0
138,2021,7,public_institution,2320,168969760.0,2775019.0,1009333.2,0.0
139,2021,7,individual,1140425,334733756.0,9631171.0,16619105.064000001,5529269.057999999
140,2021,6,school,6543,101500786.0,2717704.0,1853587.0,101.10600000000001
141,2021,6,religious_organization,779,5082821.0,144193.0,39556.0,0.0
142,2021,6,small_business_owner,44572,83730348.0,2023988.0,1486340.8,9.0
143,2021,6,corporation,18473,603646545.0,18014037.0,4230109.6,0.0
144,2021,6,homeowners_association,3466,455542647.0,3684577.0,20510450.6,0.0
145,2021,6,public_institution,2323,141628856.0,2087766.0,693363.4,0.0
146,2021,6,individual,1137270,254958704.0,18898880.0,15174790.6,396903.273
147,2021,5,school,6315,88131551.0,1925704.0,1670351.6,1847.692
148,2021,5,religious_organization,774,4621166.0,169910.0,33027.0,0.0
149,2021,5,small_business_owner,44006,70806321.0,1815402.0,1262964.1,281.03
150,2021,5,corporation,18239,525895261.0,10848838.0,3792246.8,0.0
151,2021,5,homeowners_association,3441,429192930.0,4146935.0,19467609.8,0.0
152,2021,5,public_institution,2302,125928084.0,1821817.0,968948.6,0.0
153,2021,5,individual,1124559,241741576.0,24638403.0,14312460.916,2246730.037
154,2021,4,school,6503,103486960.0,3788675.0,1626979.4,5880.347
155,2021,4,religious_organization,777,5145504.0,321438.0,34771.0,0.0
156,2021,4,small_business_owner,43995,72937720.0,2509436.0,1373934.1,832.21
157,2021,4,corporation,18412,504830610.0,27538211.0,3779789.1,0.0
158,2021,4,homeowners_association,3442,445838296.0,9031286.0,19736604.3,0.0
159,2021,4,public_institution,2323,119600241.0,2800875.0,609717.6,0.0
160,2021,4,individual,1129885,248131327.0,43591034.0,14570687.2,5220678.501
161,2021,3,school,6509,121236238.0,5738456.0,1318728.4,13537.874
162,2021,3,religious_organization,775,5883669.0,514600.0,30726.0,0.0
163,2021,3,small_business_owner,43794,75580419.0,3133864.0,1253839.2,1835.65
164,2021,3,corporation,18417,522016732.0,44829627.0,3514637.0,0.0
165,2021,3,homeowners_association,3434,440042641.0,13176346.0,19514967.3,0.0
166,2021,3,public_institution,2323,122322719.0,4293834.0,995270.2,0.0
167,2021,3,individual,1125979,243868926.0,67363697.0,14263783.7,12528828.427000001
168,2021,2,school,6502,147339857.0,7222879.0,1303818.0,22739.484
169,2021,2,religious_organization,765,7463307.0,655031.0,24832.0,0.0
170,2021,2,small_business_owner,43224,90912236.0,3689085.0,1151996.6,2134.04
171,2021,2,corporation,18322,538874007.0,44719692.0,2581379.8,0.0
172,2021,2,homeowners_association,3431,500213620.0,16980986.0,4166474.4,0.0
173,2021,2,public_institution,2321,140154321.0,5770982.0,407623.4,0.0
174,2021,2,individual,1117352,271224712.0,85581769.0,13679936.9,22238103.26
175,2021,1,school,6480,172135550.0,7661695.0,1499790.4,31780.825
176,2021,1,religious_organization,763,7567539.0,498800.0,32604.0,0.0
177,2021,1,small_business_owner,42850,94747398.0,3343685.0,1242424.6,3363.87
178,2021,1,corporation,18251,609932821.0,31952681.0,3522296.0,0.0
179,2021,1,homeowners_association,3425,528695403.0,14139662.0,19380482.4,0.0
180,2021,1,public_institution,2319,149292965.0,4567162.0,934380.0,0.0
181,2021,1,individual,1113178,287882528.0,80955422.0,14273105.8,31069705.783000004
182,2020,12,school,6457,148641247.0,6130182.0,1849950.6,26803.56
183,2020,12,religious_organization,764,6118940.0,313734.0,36163.0,0.0
184,2020,12,small_business_owner,42743,82544954.0,2749449.0,1522971.8,2679.61
185,2020,12,corporation,18259,567429666.0,24795758.0,4056394.2,0.0
186,2020,12,homeowners_association,3420,482819344.0,9137424.0,20250028.2,0.0
187,2020,12,public_institution,2319,134415822.0,3625280.0,682469.6,0.0
188,2020,12,individual,1110223,265370372.0,51095720.0,15036546.3,26512966.051999997
189,2020,11,school,6468,112069205.0,3365273.0,1578694.6,12642.072
190,2020,11,religious_organization,763,4801276.0,173821.0,33972.0,0.0
191,2020,11,small_business_owner,42454,72882074.0,2245542.0,1380775.0,1409.82
192,2020,11,corporation,18257,511682443.0,15582300.0,3972233.2,0.0
193,2020,11,homeowners_association,3419,449766416.0,6200616.0,20081275.0,0.0
194,2020,11,public_institution,2321,121622751.0,2530581.0,966508.4,0.0
195,2020,11,individual,1109468,247308528.0,30095679.0,14835013.9,12882737.572
196,2020,10,school,6465,91398726.0,1873172.0,1679237.2,4619.342000000001
197,2020,10,religious_organization,762,4303466.0,131042.0,35890.0,0.0
198,2020,10,small_business_owner,42285,70488530.0,1760021.0,1562849.6,438.04
199,2020,10,corporation,18387,514028486.0,15051799.0,4446205.4,0.0
200,2020,10,homeowners_association,3420,434056536.0,3008693.0,20805185.1,0.0
201,2020,10,public_institution,2320,117204494.0,1674704.0,777619.4,0.0
202,2020,10,individual,1106242,239397195.0,16322881.0,15641048.9,4581073.913
203,2020,9,school,6427,119091901.0,2802010.0,1559259.4,135.12
204,2020,9,religious_organization,761,5760064.0,172223.0,38129.0,0.0
205,2020,9,small_business_owner,42015,94027177.0,1849433.0,1555132.3,4.0
206,2020,9,corporation,18365,609887449.0,21412754.0,4890211.6,0.0
207,2020,9,homeowners_association,3420,555442013.0,2595691.0,20690544.3,0.0
208,2020,9,public_institution,2320,148300580.0,2412259.0,1158349.6,0.0
209,2020,9,individual,1103344,309166830.0,8026967.0,15232496.1,301630.266
210,2020,8,school,6395,123507902.0,3358885.0,1887539.2,23.212
211,2020,8,religious_organization,755,6322445.0,175525.0,45593.0,0.0
212,2020,8,small_business_owner,41159,98477211.0,1961374.0,1724673.4,2.0
213,2020,8,corporation,18009,682224261.0,19253258.0,4890842.0,0.0
214,2020,8,homeowners_association,3360,558689624.0,2458179.0,20357600.7,0.0
215,2020,8,public_institution,2300,160448936.0,2614929.0,786119.6,0.0
216,2020,8,individual,1099077,320723239.0,10177428.0,15600097.8,286814.663
217,2020,7,school,6380,120495075.0,2682287.0,1612758.4,37.0
218,2020,7,religious_organization,753,5678854.0,153385.0,33422.0,0.0
219,2020,7,small_business_owner,40726,91705549.0,1922315.0,1520553.6,2.0
220,2020,7,corporation,17954,632574790.0,16571620.0,4473481.2,0.0
221,2020,7,homeowners_association,3338,473104077.0,2547497.0,20352730.2,0.0
222,2020,7,public_institution,2299,146559726.0,2194562.0,1055895.2,0.0
223,2020,7,individual,1095539,267363208.0,10708959.0,15033682.8,21617947.476999998
224,2020,6,school,6368,104743870.0,2535322.0,1486725.6,47.145
225,2020,6,religious_organization,752,5027924.0,126376.0,34459.0,0.0
226,2020,6,small_business_owner,40007,80620263.0,2019664.0,1515198.7,5.0
227,2020,6,corporation,17944,585293875.0,15191160.0,3995993.0,0.0
228,2020,6,homeowners_association,3316,454093444.0,3613390.0,20189281.3,0.0
229,2020,6,public_institution,2308,132355611.0,1815603.0,665173.8,0.0
230,2020,6,individual,1095134,255905483.0,18132779.0,15240275.9,705948.444
231,2020,5,school,6324,87536552.0,1975566.0,1207377.0,2055.43
232,2020,5,religious_organization,751,4334203.0,167160.0,27986.0,0.0
233,2020,5,small_business_owner,39760,67276659.0,2222307.0,1297194.0,116.0
234,2020,5,corporation,17918,497120210.0,20787995.0,3441131.2,0.0
235,2020,5,homeowners_association,3315,424717808.0,7101486.0,19657381.3,0.0
236,2020,5,public_institution,2306,116937888.0,1766847.0,962072.0,0.0
237,2020,5,individual,1093545,237473019.0,33564967.0,14679505.8,3702573.787
238,2020,4,school,6300,96979856.0,3176424.0,1400948.4,10427.87
239,2020,4,religious_organization,750,4431611.0,264412.0,32308.0,0.0
240,2020,4,small_business_owner,39675,69099782.0,2604042.0,1435713.2,747.32
241,2020,4,corporation,17908,464071790.0,29643429.0,3650961.2,0.0
242,2020,4,homeowners_association,3310,443921581.0,10850091.0,20105538.6,0.0
243,2020,4,public_institution,2306,117709617.0,2770923.0,698332.2,0.0
244,2020,4,individual,1090113,247831442.0,48373693.0,14618775.2,8499792.566
245,2020,3,school,6292,115546074.0,5574708.0,1365646.8,15736.122
246,2020,3,religious_organization,744,5411017.0,468352.0,40585.0,0.0
247,2020,3,small_business_owner,39520,75710977.0,3282627.0,1446769.0,1367.62
248,2020,3,corporation,17899,503632803.0,43156300.0,3950598.4,0.0
249,2020,3,homeowners_association,3311,448375522.0,14182456.0,18778558.7,0.0
250,2020,3,public_institution,2306,126536750.0,4119545.0,1148180.4,0.0
251,2020,3,individual,1083336,244369714.0,64367515.0,13841531.0,14194450.150999999
252,2020,2,school,6086,142826530.0,6812488.0,1767434.6,17911.805
253,2020,2,religious_organization,735,7350366.0,604162.0,46097.0,0.0
254,2020,2,small_business_owner,38247,84067429.0,3983225.0,1645732.2,2128.96
255,2020,2,corporation,17626,532209497.0,40579020.0,4418372.4,0.0
256,2020,2,homeowners_association,3287,470630071.0,16257778.0,19004163.3,0.0
257,2020,2,public_institution,2285,140998432.0,5270275.0,896955.8,0.0
258,2020,2,individual,1076552,254879033.0,76363768.0,14052828.8,20848668.612
259,2020,1,school,6435,159621946.0,8496006.0,2031505.2,26436.118
260,2020,1,religious_organization,700,7798601.0,611223.0,49724.0,0.0
261,2020,1,small_business_owner,38599,87444513.0,4440035.0,1471632.2,2185.8
262,2020,1,corporation,15226,530406080.0,44707541.0,3966432.8,0.0
263,2020,1,homeowners_association,3220,476325277.0,16593220.0,17949308.6,0.0
264,2020,1,public_institution,2159,148496315.0,5861413.0,1179431.0,0.0
265,2020,1,individual,1081735,258045023.0,74543710.0,13737344.7,24876689.382
266,2019,12,school,6027,159853155.0,7300615.0,2210717.4,17946.092
267,2019,12,religious_organization,725,6890642.0,420833.0,60992.0,0.0
268,2019,12,small_business_owner,37596,80017930.0,3480037.0,1590865.0,2033.78
269,2019,12,corporation,17681,556015919.0,31034655.0,4562289.8,0.0
270,2019,12,homeowners_association,3281,449006807.0,11510189.0,18796094.7,0.0
271,2019,12,public_institution,2273,139918684.0,4451376.0,962713.2,0.0
272,2019,12,individual,1081734,244976724.0,54509050.0,14184785.2,23558262.283000004
273,2019,11,school,6023,113388942.0,3520994.0,2123614.4,9693.485
274,2019,11,religious_organization,721,4995998.0,196649.0,53523.0,0.0
275,2019,11,small_business_owner,37401,68456931.0,2371480.0,1510508.1,1173.38
276,2019,11,corporation,17669,508670236.0,16748634.0,4673430.0,0.0
277,2019,11,homeowners_association,3270,423074929.0,5437956.0,18300254.5,0.0
278,2019,11,public_institution,2272,125370207.0,2604304.0,1393138.6,0.0
279,2019,11,individual,1079209,231283724.0,24835894.0,14123043.9,14983364.884000001
280,2019,10,school,6021,108955593.0,2670163.0,2108640.0,1380.067
281,2019,10,religious_organization,718,5155217.0,168492.0,60284.0,0.0
282,2019,10,small_business_owner,37275,72254681.0,2004404.0,1711151.2,155.03
283,2019,10,corporation,17650,547716715.0,16442700.0,5353679.4,0.0
284,2019,10,homeowners_association,3269,413193901.0,2666406.0,19366304.0,0.0
285,2019,10,public_institution,2273,130649764.0,2069554.0,1140258.8,0.0
286,2019,10,individual,1076855,228095713.0,11876816.0,14804362.3,2590192.143
287,2019,9,school,6000,134562767.0,3621300.0,1840326.8,20023.02
288,2019,9,religious_organization,714,6685718.0,215197.0,51863.0,0.0
289,2019,9,small_business_owner,36981,89759880.0,2113990.0,1608949.0,6.0
290,2019,9,corporation,17618,617346426.0,23097083.0,5476932.0,0.0
291,2019,9,homeowners_association,3264,493223319.0,2280720.0,19045343.1,0.0
292,2019,9,public_institution,2271,157743002.0,2823036.0,1594462.6,0.0
293,2019,9,individual,1072994,275890739.0,8397984.0,14472395.4,2292916.674
294,2019,8,school,5963,135256546.0,4071440.0,2260498.2,2.0
295,2019,8,religious_organization,711,7583699.0,217026.0,62803.0,0.0
296,2019,8,small_business_owner,35756,98021119.0,2091762.0,1744125.4,4.0
297,2019,8,corporation,17400,717473383.0,23287789.0,5654403.7,0.0
298,2019,8,homeowners_association,3235,586724031.0,2416246.0,19619736.4,0.0
299,2019,8,public_institution,2264,174438925.0,3294849.0,1198125.6,0.0
300,2019,8,individual,1065814,342924356.0,8884580.0,15115644.2,147683.081
301,2019,7,school,5914,131922853.0,4039628.0,2201571.8,0.01
302,2019,7,religious_organization,710,6388476.0,189668.0,50487.0,0.0
303,2019,7,small_business_owner,35299,81153182.0,2038533.0,1524877.1,0.0
304,2019,7,corporation,17353,666909473.0,19226183.0,4888976.0,0.0
305,2019,7,homeowners_association,3222,455413662.0,2747575.0,18715483.2,0.0
306,2019,7,public_institution,2261,156359908.0,2604974.0,1413199.6,0.0
307,2019,7,individual,1061602,257854441.0,10700835.0,14451345.9,968957.161
308,2019,6,school,5871,112345207.0,3128429.0,2269044.0,74.13
309,2019,6,religious_organization,705,5413547.0,154875.0,56849.0,0.0
310,2019,6,small_business_owner,35033,70183496.0,2118293.0,1556918.2,0.0
311,2019,6,corporation,17345,576260789.0,16298107.0,4936469.4,0.0
312,2019,6,homeowners_association,3223,408970817.0,3475177.0,18886213.2,0.0
313,2019,6,public_institution,2258,126446928.0,1805558.0,962979.4,0.0
314,2019,6,individual,1061195,226119779.0,15771701.0,14223536.4,331690.945
315,2019,5,school,5852,101370762.0,3344505.0,2081868.2,856.215
316,2019,5,religious_organization,702,4879444.0,258537.0,46294.0,0.0
317,2019,5,small_business_owner,34539,61113817.0,2474676.0,1354181.2,45.0
318,2019,5,corporation,17338,539007975.0,17677653.0,4231308.6,0.0
319,2019,5,homeowners_association,3216,395842834.0,7227583.0,17888442.2,0.0
320,2019,5,public_institution,2257,116616278.0,2234854.0,1172919.6,0.0
321,2019,5,individual,1063404,221753919.0,31370114.0,13610225.3,1442006.927
322,2019,4,school,5812,122004695.0,5008644.0,1897932.8,7572.982
323,2019,4,religious_organization,697,5564261.0,379358.0,48182.0,0.0
324,2019,4,small_business_owner,34183,64476902.0,3045904.0,1420623.9,764.31
325,2019,4,corporation,17315,498410779.0,21551352.0,4356945.4,0.0
326,2019,4,homeowners_association,3203,417886786.0,11318903.0,18127922.5,0.0
327,2019,4,public_institution,2261,121593433.0,3510257.0,863260.6,0.0
328,2019,4,individual,1056433,232166121.0,49391508.0,13753270.8,7858587.747
329,2019,3,school,5797,125964327.0,6226606.0,1444881.4,12139.948
330,2019,3,religious_organization,692,5867965.0,566884.0,43731.0,0.0
331,2019,3,small_business_owner,33889,64622907.0,3582634.0,1316729.4,1244.58
332,2019,3,corporation,17327,506200282.0,36269127.0,4075506.4,0.0
333,2019,3,homeowners_association,3196,405039728.0,15001425.0,17412113.2,0.0
334,2019,3,public_institution,2259,120310381.0,6237248.0,1243599.2,0.0
335,2019,3,individual,1051962,223736787.0,65146586.443,13167550.0,13194262.09
336,2019,2,school,5739,145253542.0,7388324.0,1895531.0,206820.979
337,2019,2,religious_organization,685,7047532.0,658623.0,49098.0,0.0
338,2019,2,small_business_owner,32413,74721632.0,4086397.0,1448504.0,2110.79
339,2019,2,corporation,17169,519794121.0,48021635.0,4551126.2,0.0
340,2019,2,homeowners_association,3174,451623889.0,18396458.0,18298481.4,0.0
341,2019,2,public_institution,2249,136992757.0,8256571.0,861684.6,0.0
342,2019,2,individual,1044255,244927344.0,81902188.0,13495213.9,106134923.13200001
343,2019,1,school,5712,164452676.0,9341200.0,1996839.4,19470.859
344,2019,1,religious_organization,679,7553305.0,655684.0,44344.0,0.0
345,2019,1,small_business_owner,31980,79283382.0,4277451.0,1316910.8,2234.82
346,2019,1,corporation,17146,586694707.0,47485938.0,4263668.0,0.0
347,2019,1,homeowners_association,3171,469865476.0,18906971.0,17718917.3,0.0
348,2019,1,public_institution,2244,146644895.0,7685376.0,1129410.0,0.0
349,2019,1,individual,1040792,253600219.0,80308239.0,13442971.1,21963093.848
350,2018,12,school,5737,151032501.0,7356178.0,2141662.2,17035.878
351,2018,12,religious_organization,679,6110718.0,368176.0,40960.0,0.0
352,2018,12,small_business_owner,31855,67434907.0,3229534.0,1392031.2,2028.69
353,2018,12,corporation,17197,555640744.0,25590923.0,4397713.6,0.0
354,2018,12,homeowners_association,3155,434730431.0,12831351.0,18052446.8,0.0
355,2018,12,public_institution,2243,132896657.0,3943546.0,827762.0,0.0
356,2018,12,individual,1042054,238692561.0,54019855.0,13732488.455999998,20421845.603
357,2018,11,school,5740,110988518.0,3821423.0,2072665.4,7575.72
358,2018,11,religious_organization,653,4414585.0,222580.0,48962.0,0.0
359,2018,11,small_business_owner,31482,57488253.0,2337006.0,1335110.8,1232.08
360,2018,11,corporation,17178,492140812.0,16696531.0,4527008.326,0.0
361,2018,11,homeowners_association,3109,401332287.0,7490844.0,17330421.1,0.0
362,2018,11,public_institution,2245,118996780.0,2300146.0,1216929.2,0.0
363,2018,11,individual,1039054,227294230.0,31239511.0,13706690.088,10276290.855
364,2018,10,school,5754,94614411.0,2437437.0,2205305.2,2887.9829999999997
365,2018,10,religious_organization,652,4202442.0,150958.0,63564.6,0.0
366,2018,10,small_business_owner,31234,55050334.0,1824284.0,1623751.6,343.04
367,2018,10,corporation,17175,501479541.0,17046791.0,5616931.2,0.0
368,2018,10,homeowners_association,3110,380908963.0,3262677.0,18585256.2,0.0
369,2018,10,public_institution,2247,115770342.0,1705228.0,1099438.8,0.0
370,2018,10,individual,1034596,217274530.0,14102506.0,14728158.238,4137960.203
371,2018,9,school,5749,128150864.0,3555173.0,1943442.6,17.088
372,2018,9,religious_organization,651,5965269.0,214286.0,47865.0,0.0
373,2018,9,small_business_owner,30730,74188937.0,1894088.0,1504748.8,5.0
374,2018,9,corporation,17172,585709457.0,24197252.0,5857013.8,0.0
375,2018,9,homeowners_association,3106,455869669.0,2333784.0,18334608.2,0.0
376,2018,9,public_institution,2246,146449435.0,2491416.0,1516075.0,0.0
377,2018,9,individual,1030000,267255459.0,7210123.0,14705302.054000001,192778.954
378,2018,8,school,5677,143615323.0,4497005.0,2335777.6,65.001
379,2018,8,religious_organization,648,7551218.0,235451.0,56410.6,0.0
380,2018,8,small_business_owner,29497,87203900.0,1993152.0,1494096.2,0.0
381,2018,8,corporation,16984,716735781.0,24058390.0,5592981.6,0.0
382,2018,8,homeowners_association,3061,649387439.0,2607635.0,18837878.6,0.0
383,2018,8,public_institution,2243,173904002.0,2620777.0,1117001.2,0.0
384,2018,8,individual,1021893,393315950.0,8166455.0,14956551.722000001,15855.507
385,2018,7,school,5638,133821495.0,4204132.0,2155483.8,26.0
386,2018,7,religious_organization,645,5976527.0,186949.0,41495.0,0.0
387,2018,7,small_business_owner,28395,66837034.0,1951784.0,1234343.0,0.0
388,2018,7,corporation,16920,665165606.0,18880751.0,4586652.8,0.0
389,2018,7,homeowners_association,3022,537787232.0,2864894.0,17717266.8,0.0
390,2018,7,public_institution,2222,160914102.0,2150208.0,1271415.4,0.0
391,2018,7,individual,1015817,269705511.0,11259835.0,14333667.052000001,25843523.832
392,2018,6,school,5594,113507464.0,3228131.0,2281804.0,60.03
393,2018,6,religious_organization,636,5242155.0,148254.0,45228.0,0.0
394,2018,6,small_business_owner,27314,52928999.0,1926774.0,1285472.6,0.0
395,2018,6,corporation,16896,555550290.0,16555567.0,4528027.8719999995,0.0
396,2018,6,homeowners_association,2979,379954495.0,3646070.0,17199448.0,0.0
397,2018,6,public_institution,2225,118549385.0,1819404.0,927690.2,0.0
398,2018,6,individual,1012049,222820943.0,17132065.0,14051336.092,285820.628
399,2018,5,school,5545,100337028.0,2913375.0,2144222.6,728.2669999999999
400,2018,5,religious_organization,633,4648118.0,187776.0,37529.0,0.0
401,2018,5,small_business_owner,26844,45738362.0,2063991.0,1115935.8,111.0
402,2018,5,corporation,16896,504333966.0,14152859.0,4027075.4,0.0
403,2018,5,homeowners_association,2967,378937870.0,6458340.0,16137261.2,0.0
404,2018,5,public_institution,2225,107754280.0,2090569.0,1180050.6,0.0
405,2018,5,individual,1010590,213539965.0,29234091.0,13181988.612,1375720.246
406,2018,4,school,5519,112341542.0,3943606.0,1929914.8,4123.725
407,2018,4,religious_organization,631,4913141.0,272312.0,38264.0,0.0
408,2018,4,small_business_owner,26430,45860621.0,2317430.0,1211900.8,622.7330000000001
409,2018,4,corporation,16871,469414168.0,13209652.0,4031478.0,0.0
410,2018,4,homeowners_association,3027,417491155.0,8921758.0,16215854.9,0.0
411,2018,4,public_institution,2224,113808435.0,2515568.0,802392.6,0.0
412,2018,4,individual,1007945,222416406.0,42565583.0,13280372.714000002,5017072.364
413,2018,3,school,5504,139547317.0,7375082.0,1519286.8,9254.198
414,2018,3,religious_organization,624,5690732.0,562100.0,38449.0,0.0
415,2018,3,small_business_owner,26055,49020790.0,3472254.0,1105383.0,1730.6970000000001
416,2018,3,corporation,16840,510513879.0,27695755.0,3961296.0,0.0
417,2018,3,homeowners_association,2990,356308555.0,16099324.0,14749673.7,0.0
418,2018,3,public_institution,2228,117937837.0,5512739.0,1173345.8,0.0
419,2018,3,individual,1002745,219203768.0,73426397.0,12769174.532,10924939.951
420,2018,2,school,5430,167226005.0,9344768.0,1913053.0,15870.048999999999
421,2018,2,religious_organization,599,7397604.0,657025.0,39777.0,0.0
422,2018,2,small_business_owner,23587,83356632.0,4618379.0,1327613.8,2647.698
423,2018,2,corporation,16436,493491945.0,35977413.0,4146510.6,0.0
424,2018,2,homeowners_association,2854,385395605.0,19547698.0,15401914.9,0.0
425,2018,2,public_institution,2261,142984146.0,9366164.0,862005.4,0.0
426,2018,2,individual,990480,243271752.0,88496947.0,12905042.86,22671708.494000003
427,2018,1,school,5414,158883845.0,10509173.0,2002142.4,12550.52
428,2018,1,religious_organization,583,7747497.0,617283.0,37793.0,0.0
429,2018,1,small_business_owner,23232,68607341.0,4387338.0,1184536.4,1100.52
430,2018,1,corporation,16387,534086748.0,37534697.0,3947436.4,0.0
431,2018,1,homeowners_association,2865,384566177.0,18739872.0,14748487.6,0.0
432,2018,1,public_institution,2250,143808195.0,9266255.0,1080220.0,0.0
433,2018,1,individual,987231,208518118.0,82250572.0,10997016.858,15268708.539
434,2017,12,school,5413,156570462.0,8470768.0,2218484.8,15989.521
435,2017,12,religious_organization,579,6160258.0,420650.0,39595.0,0.0
436,2017,12,small_business_owner,23133,65430304.0,3438604.0,1265231.8,2865.472
437,2017,12,corporation,16175,506803501.0,24960196.0,4069513.4,0.0
438,2017,12,homeowners_association,2852,360622006.0,13046954.0,15238882.3,0.0
439,2017,12,public_institution,2249,134295637.0,5746022.0,833571.8,0.0
440,2017,12,individual,985904,228503347.0,59466188.0,13243386.284000002,21819495.238
441,2017,11,school,5403,105941680.0,3856957.0,2109424.4,7774.130999999999
442,2017,11,religious_organization,577,4421303.0,173416.0,41293.0,0.0
443,2017,11,small_business_owner,22602,53088674.0,2229722.0,1180010.0,1367.979
444,2017,11,corporation,16012,452482898.0,13662757.0,4101581.2,0.0
445,2017,11,homeowners_association,2842,334861129.0,5562142.0,14753385.3,0.0
446,2017,11,public_institution,2245,115083309.0,2175222.0,1188700.2,0.0
447,2017,11,individual,983871,215620132.0,26041170.0,13268391.685999999,12290667.843
448,2017,10,school,10978,172141826.0,4712198.0,4407181.6,2987.3779999999997
449,2017,10,religious_organization,1150,8527020.0,298026.0,98402.0,0.0
450,2017,10,small_business_owner,45156,100092782.0,3280004.0,2944003.2,486.006
451,2017,10,corporation,32116,882562756.0,26115596.0,9547870.0,0.0
452,2017,10,homeowners_association,5656,625673772.0,4949738.0,31110423.0,0.0
453,2017,10,public_institution,4578,231288252.0,3337484.0,2345547.2,0.0
454,2017,10,individual,989252,202205893.0,11910453.0,13811362.595999999,2177857.6890000002
455,2017,9,school,5441,114573363.0,3365055.0,1935669.4,6.035
456,2017,9,religious_organization,571,5566056.0,207002.0,44727.0,0.0
457,2017,9,small_business_owner,22102,62849961.0,1847356.0,1296316.348,4.0
458,2017,9,corporation,16018,528004628.0,18275230.0,4866439.0,0.0
459,2017,9,homeowners_association,2814,360712911.0,2231882.0,15179391.7,0.0
460,2017,9,public_institution,2288,139659358.0,2674167.0,1560846.0,0.0
461,2017,9,individual,985602,232360099.0,8981707.0,13842675.562,1279967.753
462,2017,8,school,5400,117283927.0,4069543.0,2347202.6,0.0
463,2017,8,religious_organization,560,6834355.0,228561.0,53062.0,0.0
464,2017,8,small_business_owner,20104,67320503.0,1833468.0,1484757.2,0.0
465,2017,8,corporation,15221,606946430.0,20048883.0,4910478.8,0.0
466,2017,8,homeowners_association,2755,466155365.0,2323850.0,16204034.0,0.0
467,2017,8,public_institution,2251,158960501.0,3542712.0,1269811.0,0.0
468,2017,8,individual,975391,297850172.0,8429188.0,14291829.084,118927.011
469,2017,7,school,5374,117583575.0,4315604.0,2212193.6,0.01
470,2017,7,religious_organization,550,6312403.0,190025.0,41248.0,0.0
471,2017,7,small_business_owner,19492,62398895.0,1793398.0,1225479.8,0.0
472,2017,7,corporation,14964,602453527.0,16528448.0,4332305.6,0.0
473,2017,7,homeowners_association,2726,386879369.0,2486624.0,14991644.7,0.0
474,2017,7,public_institution,2226,200094495.0,2482235.0,1525850.4,0.0
475,2017,7,individual,969159,255974689.0,10085989.0,13786672.672,40992.123
476,2017,6,school,5364,97431743.0,3115203.0,2332263.0,6.0360000000000005
477,2017,6,religious_organization,549,4952160.0,144963.0,44941.0,0.0
478,2017,6,small_business_owner,19268,51862387.0,1697388.0,1341681.8,0.0
479,2017,6,corporation,14891,512056417.0,13579953.0,4256572.174,0.0
480,2017,6,homeowners_association,2713,326257078.0,3113050.0,15660139.7,0.0
481,2017,6,public_institution,2224,135648889.0,2113443.0,1134424.8,0.0
482,2017,6,individual,969173,211179181.0,14312533.0,13629782.777999999,235859.20899999997
483,2017,5,school,5360,84904641.0,2913050.0,2185143.4,100269.239
484,2017,5,religious_organization,549,4305155.0,178361.0,38278.0,0.0
485,2017,5,small_business_owner,18975,45292191.0,1882724.0,1117895.9840000002,0.0
486,2017,5,corporation,14735,463525234.0,12489413.0,3794873.4,0.0
487,2017,5,homeowners_association,2703,314539356.0,5850050.0,14650359.1,0.0
488,2017,5,public_institution,2224,123260696.0,2237301.0,1384871.2,0.0
489,2017,5,individual,967285,209894672.0,25103152.0,12950202.184,19809726.81
490,2017,4,school,5365,104521646.0,5446561.0,1911251.2,4008.552
491,2017,4,religious_organization,545,4618870.0,322233.0,39712.0,0.0
492,2017,4,small_business_owner,18798,45512398.0,2649822.0,1232602.908,242.555
493,2017,4,corporation,14322,430082680.0,17492923.0,3826722.6,0.0
494,2017,4,homeowners_association,2682,329106057.0,11993138.0,14813593.0,0.0
495,2017,4,public_institution,2216,127095762.0,3745418.0,983760.4,0.0
496,2017,4,individual,963798,214202199.0,45050211.0,12690616.840999998,4466510.567
497,2017,3,school,5345,122346377.0,7755495.0,1484830.0,10330.93
498,2017,3,religious_organization,538,5582243.0,495511.0,37794.0,0.0
499,2017,3,small_business_owner,18574,49644960.0,3592881.0,1096086.2,1408.85
500,2017,3,corporation,14366,464537281.0,24827217.0,3697693.2,0.0
501,2017,3,homeowners_association,2669,328893020.0,16198908.0,13837775.0,0.0
502,2017,3,public_institution,2175,135878873.0,5534274.0,1301041.8,0.0
503,2017,3,individual,958625,208386870.0,64297007.0,13598081.92,11477962.549
504,2017,2,school,5199,139137820.0,8614507.0,1835788.8,13694.245
505,2017,2,religious_organization,506,5719205.0,551072.0,39284.0,0.0
506,2017,2,small_business_owner,16931,50886824.0,4289337.0,1250274.0,1599.63
507,2017,2,corporation,12918,514104604.0,29598327.0,3949028.0,0.0
508,2017,2,homeowners_association,2328,352701174.0,18805595.0,14610182.3,0.0
509,2017,2,public_institution,2091,148252581.0,6424514.0,913230.0,0.0
510,2017,2,individual,924306,226181991.0,73537514.0,13724166.552000001,17733782.246
511,2017,1,school,5141,136154761.0,9060128.0,2193136.4,11705.258999999998
512,2017,1,religious_organization,496,5440956.0,464211.0,38287.0,0.0
513,2017,1,small_business_owner,16394,48708330.0,3983326.0,1086040.4,2.5540000000000003
514,2017,1,corporation,12105,482598566.0,27734616.0,3732061.2,0.0
515,2017,1,homeowners_association,2233,338047152.0,16383015.0,13387226.0,0.0
516,2017,1,public_institution,2064,143744533.0,5878414.0,1239771.6,0.0
517,2017,1,individual,918254,222980440.0,61781772.0,14077034.015999999,20567265.356
518,2016,12,school,5131,134609933.0,7898350.0,2300595.4,9837.436
519,2016,12,religious_organization,480,4622720.0,327872.0,43298.0,0.0
520,2016,12,small_business_owner,16368,45392360.0,3295290.0,1269606.8,1.588
521,2016,12,corporation,11754,453429282.0,19132519.0,4068657.4,0.0
522,2016,12,homeowners_association,2159,309956930.0,11459582.0,14331506.6,0.0
523,2016,12,public_institution,2058,134491611.0,3799390.0,1009037.4,0.0
524,2016,12,individual,921883,212192127.0,46917377.0,14415082.726,17554645.961
525,2016,11,school,5135,104233988.0,4208736.0,4486.0,6263.314
526,2016,11,religious_organization,480,3718949.0,174468.0,0.0,0.0
527,2016,11,small_business_owner,16418,41231221.0,2342575.0,158.0,1.114
528,2016,11,corporation,11721,416082700.0,13505241.0,0.0,0.0
529,2016,11,homeowners_association,2150,297275791.0,5687622.0,0.0,0.0
530,2016,11,public_institution,2071,125258195.0,2386943.0,0.0,0.0
531,2016,11,individual,920150,204812090.0,23915383.0,7215169.0,10865402.480999999
532,2016,10,school,5125,89241294.0,2400132.0,2117158.4,1241.244
533,2016,10,religious_organization,479,3851481.0,149954.0,47683.0,0.0
534,2016,10,small_business_owner,16335,41645861.0,1592165.0,1411241.8,0.0
535,2016,10,corporation,11513,443874231.0,13318698.0,4885422.2,0.0
536,2016,10,homeowners_association,2109,278243172.0,2428332.0,14468860.9,0.0
537,2016,10,public_institution,2087,126628127.0,1929332.0,1206430.4,0.0
538,2016,10,individual,915645,197827666.0,10129547.0,15173666.268,2142328.405
539,2016,9,school,5111,114309661.0,3426211.0,2088293.6,0.075
540,2016,9,religious_organization,474,4934837.0,212874.0,44641.0,0.0
541,2016,9,small_business_owner,16055,46736641.0,1645517.0,1386071.0,0.0
542,2016,9,corporation,11351,507247045.0,19527495.0,4907131.4,0.0
543,2016,9,homeowners_association,2098,330160830.0,2095497.0,14200519.4,0.0
544,2016,9,public_institution,2086,150900924.0,3509346.0,1666627.8,0.0
545,2016,9,individual,912883,241676328.0,7030657.0,15233262.265999999,2597269.386
546,2016,8,school,4951,116470582.0,4036641.0,2219501.0,0.0
547,2016,8,religious_organization,428,5718007.0,217246.0,51148.0,0.0
548,2016,8,small_business_owner,15153,52706950.0,1774016.0,1540289.36,0.0
549,2016,8,corporation,10510,592404025.0,20408906.0,5002243.4,0.0
550,2016,8,homeowners_association,2068,411095499.0,2342347.0,14783355.2,0.0
551,2016,8,public_institution,2075,172258589.0,3479996.0,1245461.2,0.0
552,2016,8,individual,904595,303032015.0,8324791.0,15442898.396,27303.979
553,2016,7,school,4872,112721669.0,3811379.0,2372243.0,1.0
554,2016,7,religious_organization,415,4800535.0,166659.0,36656.0,0.0
555,2016,7,small_business_owner,14880,45717858.0,1749301.0,1242518.606,0.0
556,2016,7,corporation,10024,549288701.0,16935918.0,4289116.59,0.0
557,2016,7,homeowners_association,2037,310256816.0,2684539.0,13551648.6,0.0
558,2016,7,public_institution,2073,151178997.0,2611756.0,1427945.6,0.0
559,2016,7,individual,899332,226567751.0,9641899.0,14686067.972000001,89835.795
560,2016,6,school,4860,102450091.0,3124176.0,2229601.6,164.547
561,2016,6,religious_organization,400,3773877.0,122755.0,40065.0,0.0
562,2016,6,small_business_owner,14812,41087967.0,1696042.0,1357369.2,0.0
563,2016,6,corporation,9486,491711004.0,13631290.0,4376070.2,0.0
564,2016,6,homeowners_association,2028,282654714.0,3460766.0,14079677.6,0.0
565,2016,6,public_institution,2073,133859455.0,2204158.0,1121880.6,0.0
566,2016,6,individual,895356,205061790.0,13344932.0,14543461.284000002,340601.066
567,2016,5,school,4826,84901129.0,2763107.0,2281507.0,800.0310000000001
568,2016,5,religious_organization,393,3177236.0,129091.0,26948.0,0.0
569,2016,5,small_business_owner,14720,38736675.0,1827404.0,1133093.8,0.0
570,2016,5,corporation,9344,438275208.0,12265019.0,3732994.4,0.0
571,2016,5,homeowners_association,2009,268717022.0,5593957.0,13072774.1,0.0
572,2016,5,public_institution,2096,121564823.0,2306170.0,1344440.0,0.0
573,2016,5,individual,889960,195448592.0,23077064.0,13762618.524,1166907.615
574,2016,4,school,4608,98413736.0,4873096.0,1833649.0,3445.6479999999997
575,2016,4,religious_organization,388,3261200.0,234099.0,27622.0,0.0
576,2016,4,small_business_owner,14574,37649650.0,2496655.0,1248483.6,0.0
577,2016,4,corporation,9105,386952992.0,15964637.0,3889969.6,0.0
578,2016,4,homeowners_association,1996,280083488.0,11228281.0,13603583.1,0.0
579,2016,4,public_institution,2097,122526788.0,3756540.0,1050055.4,0.0
580,2016,4,individual,884738,202541336.0,40370608.0,13748935.736,4556396.936000001
581,2016,3,school,4583,121098602.0,6869876.0,1647040.4,7063.847
582,2016,3,religious_organization,368,3753203.0,382472.0,30283.0,0.0
583,2016,3,small_business_owner,14319,42936397.0,3796384.0,1088375.6,0.0
584,2016,3,corporation,8579,421070360.0,23120849.0,3685250.0,0.0
585,2016,3,homeowners_association,1970,289535283.0,15960127.0,12770502.5,0.0
586,2016,3,public_institution,2134,134826425.0,5679063.0,1276264.4,0.0
587,2016,3,individual,881235,203451798.0,60019600.0,13191615.499000002,14070182.978
588,2016,2,school,4223,136303615.0,8188263.0,1783918.8,1520.0
589,2016,2,religious_organization,309,4083981.0,409884.0,33726.0,0.0
590,2016,2,small_business_owner,13665,45416133.0,4420686.0,1277157.416,0.0
591,2016,2,corporation,7042,427976352.0,27564342.0,3909702.4,0.0
592,2016,2,homeowners_association,1845,316124147.0,14207416.0,12902304.3,0.0
593,2016,2,public_institution,2040,147802016.0,7118780.0,1064639.8,0.0
594,2016,2,individual,861920,216677664.0,68879796.0,13312113.622000001,21452994.715
595,2016,1,school,4142,133365400.0,8310659.0,2286460.2,1795.0
596,2016,1,religious_organization,292,3782097.0,318367.0,28825.0,0.0
597,2016,1,small_business_owner,13600,46936865.0,4381415.0,1126347.384,0.0
598,2016,1,corporation,6858,461225370.0,24772048.0,3625241.8,0.0
599,2016,1,homeowners_association,1827,315851182.0,11794140.0,12282420.7,0.0
600,2016,1,public_institution,2031,151168216.0,5466859.0,1272684.0,0.0
601,2016,1,individual,857740,215330620.0,57641741.0,13218916.435999999,27186166.133
602,2015,12,school,4142,129747032.0,7146196.0,2243488.6,1431.0
603,2015,12,religious_organization,288,3390717.0,211045.0,31990.0,0.0
604,2015,12,small_business_owner,13502,45317360.0,3587588.0,1258473.65,0.0
605,2015,12,corporation,6661,445894696.0,17776013.0,4058540.8,0.0
606,2015,12,homeowners_association,1799,292877773.0,11633072.0,12740295.5,0.0
607,2015,12,public_institution,2097,148482042.0,4538066.0,1132341.6,0.0
608,2015,12,individual,852483,203388142.0,40095231.0,13904162.957999999,21102616.717
609,2015,11,school,4142,97207264.0,3129231.0,2479306.4,825.0
610,2015,11,religious_organization,288,2690264.0,123356.0,30862.0,0.0
611,2015,11,small_business_owner,13384,40920126.0,2279788.0,1250447.6,0.0
612,2015,11,corporation,6628,411307841.0,10579106.0,4087593.6,0.0
613,2015,11,homeowners_association,1777,277331848.0,4777212.0,11935363.5,0.0
614,2015,11,public_institution,2116,147686501.0,2443388.0,1424682.0,0.0
615,2015,11,individual,849823,196892030.0,20322557.0,13692668.675999999,11210982.51
616,2015,10,school,4105,90894649.0,2198915.0,2197092.6,123.0
617,2015,10,religious_organization,289,3049721.0,121469.0,37276.0,0.0
618,2015,10,small_business_owner,13298,42023439.0,1491721.0,1426748.2,0.0
619,2015,10,corporation,6557,429299432.0,6739926.0,4837079.0,0.0
620,2015,10,homeowners_association,1781,263666396.0,2421770.0,12836746.6,0.0
621,2015,10,public_institution,2114,149199842.0,1446718.0,1309059.4,0.0
622,2015,10,individual,838855,186473958.0,8924018.0,14711828.765999999,3167520.127
623,2015,9,school,4104,117000086.0,3130770.0,2286005.0,0.0
624,2015,9,religious_organization,287,4003389.0,154103.0,33319.0,0.0
625,2015,9,small_business_owner,13215,49906893.0,1525269.0,1497339.8,0.0
626,2015,9,corporation,6544,510981941.0,9108483.0,4966088.4,0.0
627,2015,9,homeowners_association,1775,291193615.0,1828671.0,12661391.2,0.0
628,2015,9,public_institution,2114,176575791.0,2045113.0,1674927.0,0.0
629,2015,9,individual,836705,207540868.0,6518422.0,14419078.727,305710.728
630,2015,8,school,4051,114182704.0,3666183.0,2646299.0,0.0
631,2015,8,religious_organization,282,4684817.0,183615.0,42434.0,0.0
632,2015,8,small_business_owner,12907,58830816.0,2859077.0,1850611.8,0.0
633,2015,8,corporation,6002,580517158.0,14998047.0,4860291.2,0.0
634,2015,8,homeowners_association,1780,347070626.0,2346260.0,13735197.6,0.0
635,2015,8,public_institution,2090,194449748.0,3142344.0,1400970.4,0.0
636,2015,8,individual,831008,242000479.0,7619018.0,15164553.742,460288.965
637,2015,7,school,4008,115722596.0,3616440.0,2849735.4,0.0
638,2015,7,religious_organization,274,3938240.0,160725.0,28997.0,0.0
639,2015,7,small_business_owner,12445,53687603.0,2321747.0,1453718.2,0.0
640,2015,7,corporation,5809,556996768.0,12877575.0,4433516.8,0.0
641,2015,7,homeowners_association,1749,293392343.0,2711576.0,13022088.4,0.0
642,2015,7,public_institution,2083,177529278.0,2144272.0,1502717.0,0.0
643,2015,7,individual,823337,165114568.0,8893640.0,12083879.037999999,702863.645
644,2015,6,school,4056,123484926.0,3244802.0,3276567.2,0.0
645,2015,6,religious_organization,265,3299833.0,109087.0,36012.0,0.0
646,2015,6,small_business_owner,12458,47241419.0,2267614.0,1714846.0,0.0
647,2015,6,corporation,5730,504111937.0,10171233.0,4411615.4,0.0
648,2015,6,homeowners_association,1750,284934190.0,3252225.0,13350376.8,0.0
649,2015,6,public_institution,2159,170090446.0,6027916.0,1321635.6,0.0
650,2015,6,individual,813731,186073153.0,12677645.0,14241651.402,294312.63399999996
651,2015,5,school,4033,111393795.0,2876433.0,3545592.2,1.0
652,2015,5,religious_organization,260,2733596.0,119561.0,23511.0,0.0
653,2015,5,small_business_owner,12466,45864251.0,2199716.0,1403580.2,0.0
654,2015,5,corporation,5657,456001340.0,9916284.0,4071589.8,0.0
655,2015,5,homeowners_association,1751,275543444.0,6889504.0,12903778.6,0.0
656,2015,5,public_institution,2174,162360569.0,10355264.0,1523493.6,0.0
657,2015,5,individual,810422,177289769.0,22060892.0,13086734.214000002,1320895.801
658,2015,4,school,4021,134199179.0,5544226.0,3003915.8,9.0
659,2015,4,religious_organization,249,2697190.0,244845.0,26436.0,0.0
660,2015,4,small_business_owner,12488,44335889.0,3324279.0,1535366.6,0.0
661,2015,4,corporation,5609,436129598.0,15169055.0,4051942.6,0.0
662,2015,4,homeowners_association,1768,291394437.0,14161336.0,13376543.7,0.0
663,2015,4,public_institution,2176,207780906.0,6190060.0,1253420.8,0.0
664,2015,4,individual,798971,183891769.0,37306841.0,12954773.246,5836002.885
665,2015,3,school,3903,145577747.0,7601585.0,2570265.8,48.0
666,2015,3,religious_organization,227,2819027.0,303568.0,23135.0,0.0
667,2015,3,small_business_owner,12277,46364443.0,4535233.0,1381256.6,0.0
668,2015,3,corporation,5334,454517085.0,21689961.0,3992245.0,0.0
669,2015,3,homeowners_association,1754,283026044.0,18030531.0,12630070.5,0.0
670,2015,3,public_institution,2048,208343249.0,8141963.0,1392249.2,0.0
671,2015,3,individual,783726,175215719.0,49984873.0,12655474.249000002,13826348.508
672,2015,2,school,1384,121210475.0,7388457.0,1632715.0,0.0
673,2015,2,religious_organization,32,336476.0,46069.0,2019.0,0.0
674,2015,2,small_business_owner,2153,9763412.0,500186.0,187015.2,0.0
675,2015,2,corporation,16966,523325778.0,32508993.0,6859860.8,0.0
676,2015,2,homeowners_association,1752,316848045.0,21345908.0,13278519.4,0.0
677,2015,2,public_institution,2981,230038970.0,10730599.0,1398431.4,0.0
678,2015,2,individual,774620,189974230.0,56487358.0,12656888.218,18793320.213
679,2015,1,school,1382,134955565.0,9107197.0,2075819.2,0.0
680,2015,1,religious_organization,32,372270.0,53331.0,5945.0,0.0
681,2015,1,small_business_owner,2058,10249618.0,536119.0,147273.0,0.0
682,2015,1,corporation,16751,583090528.0,37835680.0,6581017.0,0.0
683,2015,1,homeowners_association,1747,327102096.0,22834274.0,12844807.5,0.0
684,2015,1,public_institution,2981,247059373.0,11524542.0,1522465.2,0.0
685,2015,1,individual,767791,193784708.0,59133720.0,12819757.886,22740838.937
686,2014,12,school,1379,134210623.0,7595718.0,2080781.4,0.0
687,2014,12,religious_organization,29,283854.0,30678.0,1748.0,0.0
688,2014,12,small_business_owner,1974,8900516.0,375557.0,156218.4,0.0
689,2014,12,corporation,16368,564451343.0,24333657.0,6741841.4,0.0
690,2014,12,homeowners_association,1731,306067939.0,13853201.0,13194177.3,0.0
691,2014,12,public_institution,2954,232562735.0,7249471.0,1351143.2,0.0
692,2014,12,individual,757685,180540444.0,39598422.0,13028824.455999998,24632751.988
693,2014,11,school,1379,89460670.0,3099776.0,2129361.0,0.0
694,2014,11,religious_organization,29,211493.0,11665.0,9546.0,0.0
695,2014,11,small_business_owner,1969,7411399.0,220462.0,137799.2,0.0
696,2014,11,corporation,16325,486753598.0,12974174.0,6771094.2,0.0
697,2014,11,homeowners_association,1723,288834326.0,6673630.0,12663109.6,0.0
698,2014,11,public_institution,2954,210099357.0,7838770.0,1614359.2,0.0
699,2014,11,individual,752434,173263842.0,19773109.0,13489886.752,10420879.095
700,2014,10,school,1376,82068311.0,2241499.0,1862742.4,0.0
701,2014,10,religious_organization,28,201184.0,8887.0,1578.0,0.0
702,2014,10,small_business_owner,1923,7472129.0,174781.0,176335.268,0.0
703,2014,10,corporation,16308,513122808.0,13099668.0,7562073.4,0.0
704,2014,10,homeowners_association,1717,272976532.0,3100004.0,13425565.3,0.0
705,2014,10,public_institution,2945,221641980.0,3664878.0,1548912.2,0.0
706,2014,10,individual,748138,165801093.0,9684720.0,14068723.36,3654725.666
707,2014,9,school,1370,92844519.0,2910022.0,1737453.8,0.0
708,2014,9,religious_organization,22,218148.0,9534.0,3712.0,0.0
709,2014,9,small_business_owner,1872,8135540.0,186725.0,132461.2,0.0
710,2014,9,corporation,16255,546245370.0,16988446.0,7326332.788,0.0
711,2014,9,homeowners_association,1699,291900131.0,2431123.0,12913831.9,0.0
712,2014,9,public_institution,2907,242194490.0,3886601.0,1982480.4,0.0
713,2014,9,individual,730048,175409826.0,6969566.0,13830683.654000001,1041887.78
714,2014,8,school,1292,93218440.0,3462272.0,1865387.8,0.0
715,2014,8,religious_organization,19,223924.0,17281.0,707.0,0.0
716,2014,8,small_business_owner,1819,9146615.0,206694.0,156791.4,0.0
717,2014,8,corporation,14260,593456390.0,16512570.0,7503759.017999999,0.0
718,2014,8,homeowners_association,1658,315581156.0,2450387.0,13458323.0,0.0
719,2014,8,public_institution,2750,262828683.0,3988219.0,1603476.334,0.0
720,2014,8,individual,710259,187725750.0,6596679.0,14031651.912,320553.853
721,2014,7,school,1292,103127875.0,3667667.0,1972939.0,0.0
722,2014,7,religious_organization,19,197774.0,8791.0,3821.0,0.0
723,2014,7,small_business_owner,1764,8289122.0,196505.0,130089.26800000001,0.0
724,2014,7,corporation,14099,593670259.0,15015657.0,6414353.454,0.0
725,2014,7,homeowners_association,1656,295069777.0,2749519.0,12721829.2,0.0
726,2014,7,public_institution,2753,251830189.0,4138129.0,1722714.4,0.0
727,2014,7,individual,694672,168681507.0,7318863.0,13135941.064000001,217853.383
728,2014,6,school,1280,86694238.0,2857289.0,1911055.4,0.0
729,2014,6,religious_organization,17,161070.0,7134.0,741.0,0.0
730,2014,6,small_business_owner,1669,6436140.0,167630.0,148182.0,0.0
731,2014,6,corporation,13899,525260507.0,11970987.0,6483556.4,0.0
732,2014,6,homeowners_association,1659,280165723.0,4078881.0,12940123.4,0.0
733,2014,6,public_institution,2749,232727916.0,6626829.0,1475810.5,0.0
734,2014,6,individual,682200,155140174.0,10517006.0,12990016.202,217979.879
735,2014,5,school,1277,76840661.0,2323983.0,1914787.0,0.0
736,2014,5,religious_organization,15,93339.0,10793.0,3571.0,0.0
737,2014,5,small_business_owner,1631,5329023.0,159689.0,114052.2,0.0
738,2014,5,corporation,13834,474436079.0,11124278.0,5822551.4,0.0
739,2014,5,homeowners_association,1667,268117776.0,6389429.0,12232543.8,0.0
740,2014,5,public_institution,2764,213839821.0,9896277.0,1594623.2,0.0
741,2014,5,individual,660466,144707810.0,15251255.0,12065367.772,1359731.271
742,2014,4,school,1288,90093955.0,3991212.0,1490845.4,0.0
743,2014,4,religious_organization,13,96878.0,19936.0,660.0,0.0
744,2014,4,small_business_owner,1592,5304199.0,227805.0,126262.0,0.0
745,2014,4,corporation,13786,448185857.0,15804842.0,5817147.2,0.0
746,2014,4,homeowners_association,1671,282641440.0,11791921.0,12521248.2,0.0
747,2014,4,public_institution,2771,221592151.0,5682810.0,1309627.2,0.0
748,2014,4,individual,641171,128564016.0,24583472.0,10890779.084,3549960.403
749,2014,3,school,1264,101085603.0,5828488.0,1145245.2,0.0
750,2014,3,religious_organization,4,6323.0,538.0,185.0,0.0
751,2014,3,small_business_owner,1362,4259631.0,326045.0,109394.0,0.0
752,2014,3,corporation,13542,458247092.0,23338249.0,5596971.6,0.0
753,2014,3,homeowners_association,1662,274281669.0,16177060.0,11982056.957,0.0
754,2014,3,public_institution,2735,218465221.0,8136948.0,1483097.8,0.0
755,2014,3,individual,618339,135419507.0,32209021.0,11069450.17,10470340.034
756,2014,2,school,1261,114410972.0,7094291.0,48.0,0.0
757,2014,2,religious_organization,2,3606.0,104.0,0.0,0.0
758,2014,2,small_business_owner,1335,4886946.0,393496.0,2547.0,0.0
759,2014,2,corporation,13442,457741500.0,31237872.0,8713.0,0.0
760,2014,2,homeowners_association,1637,304985724.0,19710915.0,43.0,0.0
761,2014,2,public_institution,2729,238008473.0,10098100.0,223.0,0.0
762,2014,2,individual,598404,142524997.0,40081800.0,4516243.0,15703318.344
763,2014,1,school,1248,122797381.0,8144224.0,1834741.8,0.0
764,2014,1,small_business_owner,1174,4688786.0,400547.0,153871.6,0.0
765,2014,1,corporation,13179,491619427.0,31281644.0,5532809.6,0.0
766,2014,1,homeowners_association,1593,297694569.0,18728552.0,11539440.0,0.0
767,2014,1,public_institution,2703,248378248.0,10109608.0,1565060.6,0.0
768,2014,1,individual,588913,144900337.0,38335224.0,10613959.838,17632536.939
769,2013,12,school,1250,123779716.0,7447048.0,1909286.0,0.0
770,2013,12,small_business_owner,1195,4171526.0,313879.0,166650.8,0.0
771,2013,12,corporation,14583,486536331.0,23167751.0,5840035.0,0.0
772,2013,12,homeowners_association,1628,286944100.0,14477107.0,12497508.3,0.0
773,2013,12,public_institution,2731,238456271.0,7322834.0,1382614.8,0.0
774,2013,12,individual,607130,137539434.0,34882179.94,10568002.854,19365075.242
775,2013,11,school,1248,89893869.0,3461380.0,2012938.0,0.0
776,2013,11,small_business_owner,1173,3312351.0,179000.0,158517.0,0.0
777,2013,11,corporation,14548,448986590.0,13487116.0,5787940.2,0.0
778,2013,11,homeowners_association,1600,269342415.0,6663875.0,11727580.8,0.0
779,2013,11,public_institution,2730,222664887.0,7326302.0,1618866.0,0.0
780,2013,11,individual,598658,131327201.0,17630931.11,11600160.957,10521916.037999999
781,2013,10,school,1193,75707049.0,2022894.0,1746496.4,0.0
782,2013,10,small_business_owner,1124,3239650.0,124362.0,165663.2,0.0
783,2013,10,corporation,14491,470970914.0,11831451.0,6695971.64,0.0
784,2013,10,homeowners_association,1547,247764291.0,2862014.0,12004213.0,0.0
785,2013,10,public_institution,2721,211500924.0,3148254.0,1493513.2,0.0
786,2013,10,individual,572269,125361713.5,8002009.54,10977363.62,2402151.62
787,2013,9,school,1186,95375266.0,3265533.0,1693727.0,0.0
788,2013,9,small_business_owner,1079,4089156.0,154503.0,163126.894,0.0
789,2013,9,corporation,14425,515473775.0,21270368.0,6539499.8,0.0
790,2013,9,homeowners_association,1540,283583344.0,2428381.0,11990696.5,0.0
791,2013,9,public_institution,2718,249442547.0,5868280.0,1891210.4,0.0
792,2013,9,individual,534317,134541430.0,5185606.45,10686130.308,1957698.66
793,2013,8,school,1181,95618806.0,3743864.0,1910214.0,0.0
794,2013,8,small_business_owner,1041,3657674.0,174405.0,166148.4,0.0
795,2013,8,corporation,12290,607303027.0,22056956.0,6893307.8,0.0
796,2013,8,homeowners_association,1515,322136201.0,2668615.0,12340988.4,0.0
797,2013,8,public_institution,2662,278976932.0,5932337.0,1571172.8,0.0
798,2013,8,individual,554255,155554494.0,5985532.6846,6627344.094,474065.277
799,2013,7,school,1166,98233331.0,3777536.0,1908272.4,0.0
800,2013,7,small_business_owner,765,3132687.0,147784.0,123340.6,0.0
801,2013,7,corporation,11230,579611283.0,18396734.0,5039803.6,0.0
802,2013,7,homeowners_association,1464,275741983.0,2814704.0,10414820.4,0.0
803,2013,7,public_institution,2599,255407525.0,4416232.0,1444320.2,0.0
804,2013,7,individual,501700,119695587.0,5979828.7839,9986910.204,400389.338
805,2013,6,school,1159,88782904.0,3057402.0,1828522.0,0.0
806,2013,6,small_business_owner,718,2668758.0,138415.0,119690.2,0.0
807,2013,6,corporation,11174,521207190.0,12219570.0,4954257.0,0.0
808,2013,6,homeowners_association,1455,259401049.0,3848372.0,10606257.96,0.0
809,2013,6,public_institution,2593,235349269.0,6906998.0,1194652.0,0.0
810,2013,6,individual,480333,106338205.0,8948225.9797,9203013.293,141746.77599999998
811,2013,5,school,1150,83162220.0,3132023.0,1845131.2,0.0
812,2013,5,small_business_owner,695,2344641.0,174799.0,111629.0,0.0
813,2013,5,corporation,11133,474265200.0,13048785.0,4456189.4,0.0
814,2013,5,homeowners_association,1444,248040099.0,8707575.0,9918326.5,0.0
815,2013,5,public_institution,2594,220871380.0,4628732.0,1347445.4,0.0
816,2013,5,individual,438897,95526949.0,16915380.9664,8322770.47,1107244.8329999999
817,2013,4,school,1131,100476151.0,6902592.0,1437286.4,0.0
818,2013,4,small_business_owner,660,2234265.0,347922.0,112098.8,0.0
819,2013,4,corporation,11013,432478193.0,24180792.0,4386447.4,0.0
820,2013,4,homeowners_association,1410,255321173.0,15667627.0,9976134.6,0.0
821,2013,4,public_institution,2580,228257673.0,8478851.0,1061012.0,0.0
822,2013,4,individual,400181,88299085.0,28594001.91,7661946.317000001,4853144.473999999
823,2013,3,school,1122,102900067.0,6770568.0,1190346.2,0.0
824,2013,3,small_business_owner,647,2289351.0,307968.0,110022.0,0.0
825,2013,3,corporation,10954,444305231.0,24627359.0,4315088.4,0.0
826,2013,3,homeowners_association,1393,245117932.0,16250904.0,9473075.5,0.0
827,2013,3,public_institution,2576,222456170.0,9388086.0,1327166.4,0.0
828,2013,3,individual,374977,80949080.0,27867377.85,7181815.546,6638101.4860000005
829,2013,2,school,1110,120371245.0,8116098.0,1866.0,0.0
830,2013,2,small_business_owner,636,2637017.0,369503.0,1051.0,0.0
831,2013,2,corporation,10895,446097134.0,34544710.0,3806.0,0.0
832,2013,2,homeowners_association,1356,268994427.0,19492979.0,118.0,0.0
833,2013,2,public_institution,2571,248116163.0,12152444.0,1684.0,0.0
834,2013,2,individual,347889,82866931.0,32732632.78,2485408.0,8502731.785
835,2013,1,school,1114,132369992.0,10264934.0,2118.0,0.0
836,2013,1,small_business_owner,711,2915958.0,424409.0,836.0,0.0
837,2013,1,corporation,12630,502803706.0,37514255.0,3144.0,0.0
838,2013,1,homeowners_association,1418,278788067.0,20561571.0,17253.0,0.0
839,2013,1,public_institution,2670,267832454.0,12743137.0,10009.0,0.0
840,2013,1,individual,347260,86347316.0,34311770.69,2553215.0,10903926.090999998
841,2012,12,school,1112,130097124.0,7666598.0,2450310.2,0.0
842,2012,12,small_business_owner,681,2566355.0,246910.0,444637.0,0.0
843,2012,12,corporation,12408,484354998.0,17890687.0,13936391.4,0.0
844,2012,12,homeowners_association,1388,255512470.0,12297407.0,39787195.4,0.0
845,2012,12,public_institution,2624,245543292.0,6471747.0,2221297.0,0.0
846,2012,12,individual,330575,78593499.0,19143296.17,7496785.732999999,10184595.076
847,2012,11,school,1108,90204021.0,3395493.0,1974175.0,0.0
848,2012,11,small_business_owner,647,2062259.0,167272.0,118547.6,0.0
849,2012,11,corporation,13346,401738508.0,12063627.0,5062482.32,0.0
850,2012,11,homeowners_association,1384,238311311.0,6986796.0,10222162.8,0.0
851,2012,11,public_institution,2680,217966017.0,7260391.0,1631482.0,0.0
852,2012,11,individual,336057,76031534.0,12423055.41,7162449.257999999,5502905.302999999
853,2012,10,school,1106,72793632.0,1831734.0,1687046.6,0.0
854,2012,10,small_business_owner,41,0.0,0.0,0.0,0.0
855,2012,10,corporation,13977,406704913.0,10821451.0,6217238.42,0.0
856,2012,10,homeowners_association,1379,223382512.0,2817888.0,10626244.9,0.0
857,2012,10,public_institution,2680,210766825.0,4649663.0,1544122.4,0.0
858,2012,10,individual,335891,69879284.0,6011143.8,7576577.646000001,1545120.7240000002
859,2012,9,school,1103,91039106.0,2986924.0,1731942.4,0.0
860,2012,9,small_business_owner,42,0.0,0.0,33.0,0.0
861,2012,9,corporation,13946,448022312.0,15263570.0,6100462.24,0.0
862,2012,9,homeowners_association,1369,245436472.0,1643034.0,10596816.8,0.0
863,2012,9,public_institution,2677,240235273.0,5122889.0,1889801.0,0.0
864,2012,9,individual,333125,77416827.0,3779811.83,7522300.04,143341.165
865,2012,8,school,1099,90989807.0,3497224.0,1834422.2,0.0
866,2012,8,small_business_owner,44,322.0,0.0,9445.0,0.0
867,2012,8,corporation,13731,504132716.0,15853237.0,7180455.0,0.0
868,2012,8,homeowners_association,1358,290311158.0,1878352.0,11013747.6,0.0
869,2012,8,public_institution,2670,254572843.0,4827140.0,1650666.6,0.0
870,2012,8,individual,326129,93263246.0,3632241.84,7773074.657000001,20597.24
871,2012,7,school,1088,92138809.0,3161771.0,2181353.6,0.0
872,2012,7,small_business_owner,45,265.0,72.0,19900.0,0.0
873,2012,7,corporation,13562,486928369.0,12249867.0,7097245.4,0.0
874,2012,7,homeowners_association,1351,236863001.0,2255963.0,10410190.0,0.0
875,2012,7,public_institution,2657,241492785.0,4370908.0,1692259.8,0.0
876,2012,7,individual,309106,72393580.0,4039229.9,7446049.5770000005,281405.77
877,2012,6,school,1073,82731693.0,2457505.0,1788700.2,0.0
878,2012,6,corporation,13220,410345457.0,9840246.0,4925903.6,0.0
879,2012,6,homeowners_association,1301,221035734.0,2856830.0,10137115.2,0.0
880,2012,6,public_institution,2641,209278060.0,4900266.0,1300746.4,0.0
881,2012,6,individual,293300,63540009.0,5681175.95,6065211.85,38998.39
882,2012,5,school,1063,70520603.0,2435666.0,1927515.0,0.0
883,2012,5,corporation,12879,351822056.0,9894717.0,4355275.6,0.0
884,2012,5,homeowners_association,1244,202250809.0,6493996.0,9230430.1,0.0
885,2012,5,public_institution,2277,114699572.0,11348038.0,1030622.4,0.0
886,2012,5,individual,278841,58436396.0,11262926.92,5667308.467,261246.19199999998
887,2012,4,school,1055,87501119.0,4291658.0,1314587.0,0.0
888,2012,4,corporation,12759,304978357.0,12942074.0,4345477.6,0.0
889,2012,4,homeowners_association,1225,213294507.0,11263983.0,9340678.1,0.0
890,2012,4,public_institution,2253,74749708.0,3230775.0,961775.8,0.0
891,2012,4,individual,274498,60692510.0,17890464.8,5369571.182999999,4545000.688
892,2012,3,school,1030,93594749.0,5415470.0,1096269.753,0.0
893,2012,3,corporation,11747,304541978.0,18481997.0,4056293.2180000003,0.0
894,2012,3,homeowners_association,1177,203879494.0,14803769.0,8758236.16,0.0
895,2012,3,public_institution,2148,57272373.0,4218671.0,747235.373,0.0
896,2012,3,individual,256610,55400803.0,22502134.7,5154211.22,4423411.698
897,2012,2,school,1019,101564982.0,6062554.0,1058184.0,0.0
898,2012,2,corporation,12511,306309013.0,21763551.0,4001642.8,0.0
899,2012,2,homeowners_association,1169,221182472.0,16586268.0,9134981.6,0.0
900,2012,2,public_institution,2146,64300651.0,4790620.0,736265.4,0.0
901,2012,2,individual,245857,57875140.0,24866052.0,4976206.441000001,6063653.578
902,2012,1,school,1001,98323380.0,6267593.0,1625541.4,0.0
903,2012,1,corporation,11607,304473059.0,20731788.0,3937331.6,0.0
904,2012,1,homeowners_association,1131,216442816.0,15316125.0,8208116.5,0.0
905,2012,1,public_institution,2116,63410245.0,4448242.0,760299.0,0.0
906,2012,1,individual,240971,57295203.0,21481970.0,5079698.921,6809959.346
907,2011,12,school,1001,91319896.0,4401523.0,1461938.0,0.0
908,2011,12,corporation,11593,295707300.0,14383011.0,4172995.12,0.0
909,2011,12,homeowners_association,1112,198726675.0,9018898.0,8792597.4,0.0
910,2011,12,public_institution,2117,57430582.0,2574493.0,768565.8,0.0
911,2011,12,individual,239171,53719042.0,12920774.0,5237151.4,5959616.947000001
912,2011,11,school,1000,67504521.0,2049059.0,1778479.0,0.0
913,2011,11,corporation,11590,281293281.0,10221520.0,4142884.6,0.0
914,2011,11,homeowners_association,1100,191677872.0,5353928.0,8182918.7,0.0
915,2011,11,public_institution,2114,51312419.0,1469508.0,796160.0,0.0
916,2011,11,individual,236940,52551339.0,7050126.0,5284063.573,1832121.832
917,2011,10,school,1000,61382378.0,1674706.0,1234050.6,0.0
918,2011,10,corporation,11581,284012844.0,9175041.0,4585306.2,0.0
919,2011,10,homeowners_association,1095,181811521.0,2532635.0,8863802.0,0.0
920,2011,10,public_institution,2114,49983049.0,1223888.0,846175.2,0.0
921,2011,10,individual,235688,50251861.0,4334455.0,5506714.589,996448.8409999999
922,2011,9,school,999,78864521.0,2375292.0,1456101.6,0.0
923,2011,9,corporation,11578,324827651.0,12105194.0,4708181.4,0.0
924,2011,9,homeowners_association,1031,111457706.0,1631985.0,8062577.0,0.0
925,2011,9,public_institution,2114,60701877.0,1717967.0,906226.8,0.0
926,2011,9,individual,234073,56132285.0,2938393.0,5509509.918,535145.809
927,2011,8,school,994,71149638.0,2492662.0,1347453.0,0.0
928,2011,8,corporation,11519,363638946.0,13199477.0,4639745.8,0.0
929,2011,8,homeowners_association,1087,212937864.0,1853684.0,9037840.0,0.0
930,2011,8,public_institution,2096,68797603.0,1721344.0,852525.8,0.0
931,2011,8,individual,224966,57762149.0,3204999.0,5294212.533,16144.5
932,2011,7,school,989,75540251.0,2371374.0,230980.0,0.0
933,2011,7,corporation,11295,350008567.0,10900863.0,1119936.4,0.0
934,2011,7,homeowners_association,1083,197066716.0,2294394.0,2334874.8,0.0
935,2011,7,public_institution,2093,61846123.0,1333936.0,195269.2,0.0
936,2011,7,individual,215122,50435400.0,3603337.0,2567679.8,0.0
937,2011,6,school,985,68086711.0,1860931.0,1392081.0,0.0
938,2011,6,corporation,11217,316638278.0,9186972.0,4001811.6,0.0
939,2011,6,homeowners_association,1073,187058860.0,3271928.0,8826466.8,0.0
940,2011,6,public_institution,2092,53711664.0,1230951.0,752036.8,0.0
941,2011,6,individual,210508,46490758.0,5697202.0,4797681.027,0.0
942,2011,5,school,984,61978998.0,1977562.0,1771261.4,0.0
943,2011,5,corporation,11181,285246387.0,8718151.0,3650858.8,0.0
944,2011,5,homeowners_association,1068,184117242.0,6818687.0,8013987.4,0.0
945,2011,5,public_institution,2084,49414228.0,1660964.0,750573.0,0.0
946,2011,5,individual,206913,43003238.0,9254835.0,4461102.0139999995,0.0
947,2011,4,school,976,75747824.0,4226388.0,1120807.6,0.0
948,2011,4,corporation,11148,255998096.0,11984076.0,3493103.6,0.0
949,2011,4,homeowners_association,1052,192111452.0,11520789.0,8464917.1,0.0
950,2011,4,public_institution,2073,51574784.0,2778714.0,666580.8,0.0
951,2011,4,individual,200313,40771469.0,14151848.0,3992297.56,10.0
952,2011,3,school,971,80129397.0,5189554.0,1075883.4,0.0
953,2011,3,corporation,11974,262436892.0,15938964.0,3560050.2,0.0
954,2011,3,homeowners_association,1025,180172342.0,13526080.0,7751935.4,0.0
955,2011,3,public_institution,2079,54205846.0,3748247.0,720377.0,0.0
956,2011,3,individual,193680,36823298.0,17586169.0,4090083.76,19.0
957,2011,2,school,924,86441123.0,6042233.0,1008759.0,0.0
958,2011,2,corporation,11141,253538621.0,21518344.0,3592348.4,0.0
959,2011,2,homeowners_association,997,204464781.0,18478668.0,8322231.6,0.0
960,2011,2,public_institution,2070,60055106.0,5168724.0,746454.4,0.0
961,2011,2,individual,166498,35279840.0,19920861.0,3719357.3,16.0
962,2011,1,school,912,93399733.0,6876854.0,1468417.8,0.0
963,2011,1,corporation,10944,293903283.0,21617208.0,3582161.514,0.0
964,2011,1,homeowners_association,992,209561541.0,16503288.0,7635974.7,0.0
965,2011,1,public_institution,2063,66385692.0,4908754.0,738820.4,0.0
966,2011,1,individual,164447,38158008.0,17571918.0,3923851.133,50.0
967,2010,12,school,889,85009985.0,5074200.0,1269306.0,0.0
968,2010,12,corporation,11079,277624646.0,15210177.0,3557296.0,0.0
969,2010,12,homeowners_association,987,191631300.0,11312233.0,8186900.1,0.0
970,2010,12,public_institution,2050,58229257.0,3057992.0,755216.6,0.0
971,2010,12,individual,164113,28579754.9,11840454.0,3545992.35,43.0
972,2010,11,school,888,66739305.0,2373714.0,1532397.0,0.0
973,2010,11,corporation,11028,250330908.0,9441431.0,3765978.0,0.0
974,2010,11,homeowners_association,983,184488639.0,6412680.0,7611487.5,0.0
975,2010,11,public_institution,2050,51324521.0,1659558.0,769586.0,0.0
976,2010,11,individual,158497,27168271.4,6733809.0,3016589.26,13.0
977,2010,10,school,876,57008220.0,1608767.0,1176342.6,0.0
978,2010,10,corporation,11571,258550330.0,10110399.0,13614964.8,0.0
979,2010,10,homeowners_association,982,175040865.0,2978311.0,38092065.2,0.0
980,2010,10,public_institution,2066,52304245.0,1522424.0,1180566.2,0.0
981,2010,10,individual,155905,27040936.0,3375276.8,3844409.48,1.0
982,2010,9,school,863,74654377.0,2369494.0,1442682.6,0.0
983,2010,9,corporation,11448,286858995.0,14653176.0,14280384.0,0.0
984,2010,9,homeowners_association,978,198139170.0,1485740.0,37662630.2,0.0
985,2010,9,public_institution,2065,66336571.0,2218813.0,1409199.0,0.0
986,2010,9,individual,148720,30176681.0,1980958.8,3760471.82,0.0
987,2010,8,school,820,55736313.0,2660763.0,2512385.0,0.0
988,2010,8,corporation,9480,299645542.0,13510310.0,25102119.4,0.0
989,2010,8,homeowners_association,958,212600307.0,1414454.0,72576912.0,0.0
990,2010,8,public_institution,2011,71991766.0,2183682.0,2330387.6,0.0
991,2010,8,individual,139476,31512984.0,1959369.8,6055910.09,0.0
992,2010,7,school,807,61694041.0,2535347.0,1357586.8,0.0
993,2010,7,corporation,8894,250610399.0,10896077.0,10090984.4,0.0
994,2010,7,homeowners_association,937,185595052.0,1897215.0,27896671.6,0.0
995,2010,7,public_institution,1960,59279178.0,1635201.0,1083717.8,0.0
996,2010,7,individual,131351,28808036.4,2473815.8,3526609.0539999995,0.0
997,2010,6,school,804,54865300.0,1761041.0,1307877.4,0.0
998,2010,6,corporation,8956,326629002.0,11976665.0,8483405.6,0.0
999,2010,6,homeowners_association,919,923479513.0,2869042.0,24383515.6,0.0
1000,2010,6,public_institution,1900,107018559.0,1595471.0,946324.6,0.0
1001,2010,6,individual,126044,26531013.0,4147306.8,3022482.535,0.0
1002,2010,5,school,791,49605671.0,1798550.0,1309740.8,0.0
1003,2010,5,corporation,7602,264935266.0,11832384.0,7318831.4,0.0
1004,2010,5,homeowners_association,829,776906010.0,5651529.0,19618860.9,0.0
1005,2010,5,public_institution,1864,98754829.0,2304572.0,960878.8,0.0
1006,2010,5,individual,118132,24277359.0,6765983.8,2674296.24,0.0
1007,2010,4,school,713,62325392.0,3381815.0,920081.4,0.0
1008,2010,4,corporation,7228,230999827.0,11414635.0,6011217.2,0.0
1009,2010,4,homeowners_association,765,677217030.0,8492260.0,16145609.7,0.0
1010,2010,4,public_institution,1775,102398653.0,3078627.0,843482.0,0.0
1011,2010,4,individual,108300,23858358.0,7553840.0,2328827.8,0.0
1012,2010,3,school,659,53965996.0,4275444.0,557259.0,0.0
1013,2010,3,corporation,6880,226066205.0,10634060.0,5872303.2,0.0
1014,2010,3,homeowners_association,722,554543949.0,7450854.0,15195098.3,0.0
1015,2010,3,public_institution,1688,102395764.0,4351573.0,1049936.0,0.0
1016,2010,3,individual,100982,21241834.0,8059908.0,2046794.975,0.0
1017,2010,2,school,615,58880387.0,3835967.0,707432.2,0.0
1018,2010,2,corporation,4918,197382116.0,11381065.0,4398672.6,0.0
1019,2010,2,homeowners_association,691,539412484.0,6531158.0,15490274.2,0.0
1020,2010,2,public_institution,1247,95449033.0,4360296.0,581142.62,0.0
1021,2010,2,individual,95397,22031707.0,7241059.0,1826256.747,0.0
1022,2010,1,school,603,60994283.0,5473945.0,858701.163,0.0
1023,2010,1,corporation,4643,194858935.0,12104322.0,4486533.663,0.0
1024,2010,1,homeowners_association,668,541029602.0,7907730.0,14242650.4,0.0
1025,2010,1,public_institution,1098,92705086.0,5896001.0,470467.4,0.0
1026,2010,1,individual,92553,22227560.0,7892660.0,1867839.458,0.0
1027,2009,12,school,555,55387723.0,4222765.0,845583.787,0.0
1028,2009,12,corporation,2934,113456039.0,7343295.0,1303678.45,0.0
1029,2009,12,homeowners_association,427,89583689.0,5120279.0,3593342.9,0.0
1030,2009,12,public_institution,643,31177917.0,1300191.0,359700.083,0.0
1031,2009,12,individual,56020,7136646.0,4754366.0,733247.378,0.0
1032,2009,11,school,527,37975632.0,1547953.0,703346.8,0.0
1033,2009,11,corporation,2182,97680060.0,4595055.0,1190754.4,0.0
1034,2009,11,homeowners_association,405,84477979.0,2459774.0,3607109.477,0.0
1035,2009,11,public_institution,611,23374442.0,552722.0,311147.0,0.0
1036,2009,11,individual,52089,6596224.0,2405251.0,707962.912,0.0
1037,2009,10,school,375,16643570.0,591316.0,345346.4,0.0
1038,2009,10,corporation,1734,52667514.0,2749303.0,1009451.2,0.0
1039,2009,10,homeowners_association,354,71245981.0,860111.0,3228419.4,0.0
1040,2009,10,public_institution,563,16216821.0,298824.0,335667.4,0.0
1041,2009,10,individual,43711,4976029.0,956426.0,607671.1,0.0
1042,2009,9,corporation,1,259.0,13.0,38.2,0.0
1043,2009,9,homeowners_association,252,50493183.0,198961.0,2070903.6,0.0
1044,2009,9,individual,30691,3408312.0,476425.0,422157.68,0.0
